gene_id,gene_short_name,cell_group,marker_score,mean_expression,fraction_expressing,specificity,pseudo_R2,marker_test_p_value,marker_test_q_value
ENSG00000074800,ENO1,E02,0.15182608682146045,3.4284180269368596,0.8847058823529412,0.17161193324234225,0.03856177977899627,1.2662429279533855e-51,3.4414963290259475e-46
ENSG00000173372,C1QA,E04,0.14793311336475035,1.2359080717787265,0.25806451612903225,0.5732408142884076,0.08059533493774065,1.2854801098554947e-9,3.4937806809740517e-4
ENSG00000117632,STMN1,E05,0.16360930689183337,1.5618159253166766,0.8571428571428571,0.19087752470713892,0.1106117516035575,2.0718676453858736e-32,5.6310876360413584e-27
ENSG00000117632,STMN1,E12,0.14677680471982724,1.614144573145509,0.75,0.19570240629310298,0.07046121491869697,8.814191126231821e-9,0.002395591377816294
ENSG00000142669,SH3BGRL3,E03,0.124955039635676,3.9548518458347184,0.9370757334277787,0.13334572135231415,0.01881895966494226,1.366545825241721e-46,3.714107567507969e-41
ENSG00000142669,SH3BGRL3,E06,0.16516686952386653,5.451823903009367,0.969309462915601,0.17039642739797312,0.022327452084290052,1.0318599635194833e-18,2.804471557650333e-13
ENSG00000169442,CD52,E05,0.15166894821322022,2.9597320119422665,0.8380952380952381,0.18096863139077413,0.029182971937747663,1.1993127382255955e-9,3.2595881049685816e-4
ENSG00000126709,IFI6,E05,0.19935303056113376,1.8346398617116775,0.780952380952381,0.25526912449901273,0.1705298746706298,4.0272783139268755e-49,1.0945659183855577e-43
ENSG00000126709,IFI6,E07,0.21555228812204305,2.0898149754869064,0.7652050919377652,0.28169217689886217,0.28467899052944146,0,0
ENSG00000065978,YBX1,E07,0.15893227283132313,4.593359657214088,0.9731258840169731,0.16332139083102537,0.10174683896295027,1.6820586041195905e-119,4.571633438964552e-114
ENSG00000198520,C1orf228,E02,0.13256606644222338,0.96323767001665,0.5447058823529412,0.2433718282416628,0.14205449475426613,5.35005158095641e-188,1.4540798190849808e-182
ENSG00000117450,PRDX1,E02,0.20932522792914107,3.0909749010656027,0.8152941176470588,0.25674811506460304,0.26019751145154085,0,0
ENSG00000162599,NFIA,E07,0.16008252949976912,0.24159939774000483,0.3465346534653465,0.4619524422707624,0.2247441248338604,6.27537212500166e-266,1.7055708391099512e-260
ENSG00000116717,GADD45A,E07,0.19344521249935426,0.6765773347057352,0.6195190947666195,0.3122506055640262,0.13557640262256118,2.7151804241487304e-159,7.379534571185351e-154
ENSG00000134202,GSTM3,E05,0.18324176480138532,0.5793858012803041,0.3333333333333333,0.549725294404156,0.13640948545433842,1.3313279388313298e-39,3.6183895783908947e-34
ENSG00000143384,MCL1,E11,0.1573413945978753,1.2238811366210132,0.6911764705882353,0.2276428687799047,0.05132052240103742,1.5138156778929456e-11,4.114369354631679e-6
ENSG00000143416,SELENBP1,E07,0.21891819775727162,0.13487970115201697,0.22772277227722773,0.961336433629758,0.18163465868753972,4.760723206573529e-214,1.2939074388682063e-208
ENSG00000197747,S100A10,E03,0.12717523541779857,2.9032504291537395,0.7344902898294079,0.1731476061410372,0.08370403847900633,2.1483988197149323e-204,5.83909018412682e-199
ENSG00000197747,S100A10,E06,0.271085029331584,6.591537643259546,0.8414322250639387,0.3221709619107883,0.042817319461625314,1.8710540231331887e-34,5.085300308393231e-29
ENSG00000163191,S100A11,E06,0.14456801093244676,1.789145618471008,0.6624040920716112,0.21824746051963972,0.06692525559005147,5.559230601285591e-53,1.5109321666622082e-47
ENSG00000163220,S100A9,E04,0.1644537249558586,8.23367676585157,0.8387096774193549,0.19607944129352373,0.09708039974262005,2.707083073797906e-11,7.357526944613852e-6
ENSG00000143546,S100A8,E04,0.1333075805949982,4.904579263845659,0.7419354838709677,0.17967543471499758,0.07170973899681077,1.036932725334902e-8,0.0028182587155332235
ENSG00000197956,S100A6,E06,0.13888187856235623,4.881932323028099,0.8900255754475703,0.15604257045368186,0.033957402940440265,1.1895276555548718e-27,3.232993424479475e-22
ENSG00000197956,S100A6,E07,0.1592134118558262,5.519536237141182,0.9292786421499293,0.17133010986616304,0.07466483387949688,6.821844792167707e-88,1.8540955523736768e-82
ENSG00000196154,S100A4,E06,0.15426521462311196,8.227604709509405,0.9565217391304348,0.1612772698332534,0.07156718691693399,1.4878089877855857e-56,4.043686291722688e-51
ENSG00000188643,S100A16,E01,0.1392151393376996,0.27795098355926795,0.2450592885375494,0.5680875847167419,0.16757719743973634,3.166059824837871e-157,8.604970676730352e-152
ENSG00000143549,TPM3,E06,0.1160530581308102,1.9936390857250903,0.8132992327365729,0.1426941689595811,0.009302489391444069,1.2172810736688456e-8,0.0033084238845030823
ENSG00000179639,FCER1A,E07,0.2851903218308276,3.2906288173475136,0.5502121640735502,0.5183279113994733,0.3712074757216622,0,0
ENSG00000158710,TAGLN2,E03,0.11777864462746251,2.1950719823220792,0.8182515790095035,0.14393940402783456,0.014007510862391883,4.4531013166828475e-35,1.2102995006585977e-29
ENSG00000158710,TAGLN2,E06,0.15223461215249318,2.882492194911708,0.8593350383631714,0.17715396830840724,0.00926958223564501,1.2914376585054148e-8,0.0035099725832986968
ENSG00000224259,LINC01133,E07,0.17982968708878744,0.2851695994232438,0.314002828854314,0.5727008503233005,0.2603277029401064,3.17391832709139e-309,8.626329142835146e-304
ENSG00000158869,FCER1G,E04,0.1339253457014103,2.571308452123843,0.5161290322580645,0.25948035729648244,0.08195409781717183,9.346014947616216e-10,2.5401347105827164e-4
ENSG00000081237,PTPRC,E05,0.14263934201318074,1.533480748698664,0.8571428571428571,0.1664125656820442,0.10336798726590232,2.1654905222204133e-30,5.885543380532417e-25
ENSG00000203710,CR1,E07,0.164668470867773,0.19694597633050218,0.2871287128712871,0.5735005364705198,0.20494164662517603,5.08006745789995e-242,1.3807013742477115e-236
ENSG00000163041,H3F3A,E01,0.13467645203451578,7.632395075024867,0.9920948616600791,0.13574957117423303,0.10061484677357338,1.64130038110103e-94,4.4608574797868676e-89
ENSG00000163041,H3F3A,E02,0.13689442342831498,7.800124117638231,0.991764705882353,0.13803115055049553,0.13441263798467443,8.690212777237151e-178,2.3618955502997308e-172
ENSG00000228474,OST4,E07,0.15280867038308124,2.498771400965271,0.9278642149929278,0.16468861274518054,0.059576930891701615,2.26084140605804e-70,6.144695640697026e-65
ENSG00000143933,CALM2,E05,0.13395569006474164,2.2393734810256016,0.8952380952380953,0.14963135592338161,0.06469278338268718,1.326809360500205e-19,3.606108624716297e-14
ENSG00000233723,LINC01122,E02,0.17998066808057617,0.4721712536319577,0.30470588235294116,0.5906701462103852,0.24380800553323706,0,0
ENSG00000034510,TMSB10,E01,0.12070748325270653,11.969964969761964,1,0.12070748325270653,0.010540633440078538,3.0646150329360094e-11,8.329255905716122e-6
ENSG00000034510,TMSB10,E06,0.13773972992558436,14.259797211007866,0.9974424552429667,0.13809290872026536,0.029889667478105862,1.5839962647176054e-24,4.3051117679506856e-19
ENSG00000155368,DBI,E06,0.18617898440816133,2.390992031856785,0.7570332480818415,0.24593237467429419,0.07806321478955379,1.4779410368057624e-61,4.0168663851136457e-56
ENSG00000136732,GYPC,E02,0.11809939218255938,1.1858193784935251,0.571764705882353,0.20655243488719233,0.01693020549554442,1.5286577638142453e-23,4.154708363115461e-18
ENSG00000082438,COBLL1,E02,0.19211300830868352,0.46720676662636684,0.31176470588235294,0.6162115360844566,0.14856690697990443,1.0186400585489602e-196,2.768541442329048e-191
ENSG00000153253,SCN3A,E02,0.14958333807126975,0.3160744239187253,0.20588235294117646,0.7265476420604531,0.1697373112117891,3.462758201690775e-225,9.411361261211322e-220
ENSG00000138449,SLC40A1,E07,0.1653389866716683,0.923076836758675,0.5685997171145686,0.29078274521609326,0.1785830670352584,2.1221209858920455e-210,5.7676701851362725e-205
ENSG00000114942,EEF1B2,E01,0.11775406231954945,5.744102362397263,0.9486166007905138,0.12413240736185838,0.015129344205392522,1.7045701170207208e-15,4.632817029648277e-10
ENSG00000114942,EEF1B2,E03,0.1516720125873941,7.570140533222596,0.988843633787852,0.1533832118698092,0.12355241484611433,3.733844555359946e-304,1.0148141440121689e-298
ENSG00000115053,NCL,E01,0.11280174267853854,2.0259555216625236,0.7608695652173914,0.14825371894893635,0.018519092160504996,1.2564845441903351e-18,3.414974212964028e-13
ENSG00000115053,NCL,E05,0.12882850021061448,1.9485794346778813,0.8952380952380953,0.14390417576717573,0.028457863134519742,1.9221684564199387e-9,5.224223204334624e-4
ENSG00000187514,PTMA,E01,0.13620513497063835,18.503767947958302,1,0.13620513497063835,0.02674469631020938,3.266574731061631e-26,8.878158130057786e-21
ENSG00000206560,ANKRD28,E03,0.17976027855013846,3.607937467834901,0.9394958975267104,0.19133694891416786,0.19556513086985744,0,0
ENSG00000232112,TMA7,E02,0.1175192104704256,2.16325816150281,0.8152941176470588,0.14414333174583227,0.016158569986975003,1.5357279465187295e-22,4.173924271284325e-17
ENSG00000233276,GPX1,E01,0.12537859267208093,3.468602332991078,0.8913043478260869,0.14066866494916397,0.04007694919841754,1.7063005751232334e-38,4.6375202071159336e-33
ENSG00000233276,GPX1,E06,0.12926880462729518,3.5896680588759238,0.8951406649616368,0.14441172174077832,0.04827986295542391,1.19412804309471e-38,3.245496725766251e-33
ENSG00000233276,GPX1,E11,0.13823610348638002,3.825684570839453,0.9117647058823529,0.15161379092054583,0.052827503813306226,7.646371200139087e-12,2.078191935743402e-6
ENSG00000121552,CSTA,E04,0.18219707576304647,1.1209436816816298,0.4838709677419355,0.37654062324362936,0.1351839319577606,3.756495584837234e-15,1.0209704220117422e-9
ENSG00000163751,CPA3,E03,0.11928564370306627,0.5658839849388801,0.42223009267457645,0.28251336361997004,0.11519881004203238,4.747438279173644e-283,1.2902967550200464e-277
ENSG00000170891,CYTL1,E05,0.12971443495835278,0.7758014538775178,0.5619047619047619,0.2308477232309668,0.18789293414523167,5.706188452326026e-54,1.5508735470807858e-48
ENSG00000109684,CLNK,E02,0.22258241815954669,0.6243736309213181,0.3635294117647059,0.612281732801342,0.26719481193274613,0,0
ENSG00000109255,NMU,E07,0.1739192448734241,0.5713247835695403,0.24893917963224893,0.6986415120767662,0.19353765676879278,2.598919183387503e-228,7.063550470145227e-223
ENSG00000171476,HOPX,E03,0.15912368650397307,1.6792435458029198,0.769789268638215,0.2067107103031829,0.09476254479827297,7.52125409082704e-232,2.0441866068376993e-226
ENSG00000128040,SPINK2,E02,0.13662585000009753,2.4454300383826135,0.7364705882352941,0.1855143330672251,0.22822096582417678,8.144036062559846e-305,2.2134512733710155e-299
ENSG00000128040,SPINK2,E11,0.27207668382584915,4.893108303558606,0.8676470588235294,0.3135799067823346,0.2830096935771149,8.089496588088237e-57,2.1986280986833256e-51
ENSG00000163453,IGFBP7,E03,0.19894451246235728,1.7288513080273675,0.7875568148279323,0.2526097275989203,0.18839735966426366,0,0
ENSG00000169429,IL8,E11,0.16716723474420947,2.7043067194658095,0.5735294117647058,0.2914710759642627,0.03881961100371819,4.442676243591561e-9,0.0012074660908932633
ENSG00000269893,SNHG8,E03,0.11430703606114911,1.5743470415167975,0.7739212561241957,0.14769853542154887,0.02944857707772687,4.313609505582958e-72,1.172387300303381e-66
ENSG00000164120,HPGD,E12,0.11657120542015624,1.2712243864655388,0.4375,0.2664484695317857,0.08284604247409745,4.4426063815873776e-10,1.2074471032388703e-4
ENSG00000113387,SUB1,E07,0.18780709065110293,2.888401033384631,0.9335219236209336,0.20118123195504511,0.23480990108796163,3.927394737093841e-278,1.0674187608052609e-272
ENSG00000113387,SUB1,E12,0.15515567629590205,2.445238535661887,0.875,0.17732077290960235,0.06483603364843822,3.437913157112012e-8,0.009343835411451595
ENSG00000145741,BTF3,E01,0.1154257337214325,3.879722149394431,0.9466403162055336,0.12193198593537546,0.01846113966599504,1.4212264605340265e-18,3.8627229725562197e-13
ENSG00000145741,BTF3,E03,0.15391224958109714,5.357348262395244,0.9856561005843811,0.15615207930011776,0.12121557212078693,3.063967907223961e-298,8.32749709568586e-293
ENSG00000127184,COX7C,E03,0.14179606724549634,3.3510133252257983,0.949943923026976,0.1492678291931867,0.03499735725159077,1.8877254147279164e-85,5.130611150180709e-80
ENSG00000081189,MEF2C,E02,0.22157526046859785,1.9379330168619855,0.7529411764705882,0.2942796428098565,0.29191646121080017,0,0
ENSG00000153113,CAST,E06,0.14144977331508493,0.9711999387064574,0.5728900255754475,0.24690563109909913,0.02093771735752517,1.2117848054699364e-17,3.2934856870906307e-12
ENSG00000169567,HINT1,E01,0.12035447187801836,4.074627184336347,0.9308300395256917,0.12929801012797726,0.03271170642058955,1.040219320095478e-31,2.827191285701098e-26
ENSG00000169567,HINT1,E03,0.17932038055247634,6.330017770720597,0.9907915707455286,0.18098698641283895,0.26420341612040416,0,0
ENSG00000169567,HINT1,E06,0.13520246720938586,4.5764704828551315,0.9565217391304348,0.1413480339007216,0.011754716844971987,1.503282111802388e-10,4.085740386025474e-5
ENSG00000125347,IRF1,E04,0.18328172493182693,1.4030729805340898,0.7096774193548387,0.25826061240393794,0.0757278349446059,4.031198897843148e-9,0.0010956314860469934
ENSG00000113648,H2AFY,E11,0.14250720826766053,1.9494300550003825,0.8088235294117647,0.17619073022183485,0.03681033132176071,1.11113341575155e-8,0.0030199272880028225
ENSG00000019582,CD74,E11,0.1322620770056168,4.477931845569112,0.8676470588235294,0.15243764807427018,0.03982721328559418,2.8066291280335414e-9,7.628081174499801e-4
ENSG00000181163,NPM1,E03,0.13988493202964705,4.710968738789579,0.9727879109851839,0.1437979753346026,0.08660802054946595,1.3768485284338483e-211,3.7421090784597876e-206
ENSG00000120129,DUSP1,E03,0.14542113146386396,3.092899233481454,0.8872557700253823,0.16389989941649385,0.10470959621742477,1.0741347654455852e-256,2.919369396309247e-251
ENSG00000183072,NKX2-5,E02,0.16173269765190734,0.3194172749613381,0.2376470588235294,0.680558381208521,0.20122529474589032,7.061277698973694e-268,1.9191705432486624e-262
ENSG00000204628,GNB2L1,E02,0.11607129216194252,7.013967298512985,0.9741176470588235,0.11915531200199414,0.02817183322921827,3.945682615172394e-38,1.0723891866124746e-32
ENSG00000204628,GNB2L1,E03,0.14371823030769929,9.006057528040369,0.9953957853727643,0.1443830006311293,0.10049888762495696,3.678837447583154e-246,9.998638722037303e-241
ENSG00000021355,SERPINB1,E03,0.1252873935465995,2.3381979580981382,0.8476477185526238,0.1478059703393414,0.05253470454619082,6.436772241378646e-128,1.7494374539398196e-122
ENSG00000124491,F13A1,E03,0.11582808280445964,0.5819802199338309,0.43438994156189126,0.2666454070920439,0.10599148624075971,6.589399565595923e-260,1.7909197291341845e-254
ENSG00000124766,SOX4,E01,0.16221183807879966,3.468391512399967,0.7766798418972332,0.20885290093606268,0.05545159283449951,1.1354321567434881e-52,3.0859683501699912e-47
ENSG00000206503,HLA-A,E01,0.12338667420346043,4.487442274538757,0.9624505928853755,0.1282005280224866,0.10506904898280095,1.1746078642901555e-98,3.1924432221969277e-93
ENSG00000206503,HLA-A,E05,0.16634034275651077,6.387941801372459,0.9904761904761905,0.16793976912916952,0.18781645925534965,5.993901092646186e-54,1.6290703901681217e-48
ENSG00000206503,HLA-A,E06,0.13437070605575244,5.020346529499158,0.9616368286445013,0.13973123954201916,0.1284076748273104,1.7224870730848848e-100,4.681513166195947e-95
ENSG00000206503,HLA-A,E07,0.19317274640128762,7.724955107921144,0.9957567185289957,0.19399592571833857,0.4229168206308224,0,0
ENSG00000204592,HLA-E,E01,0.11407979662577679,1.8897802938720405,0.8260869565217391,0.138096595915414,0.08603803605847389,5.7055494913284705e-81,1.5506998851491823e-75
ENSG00000204592,HLA-E,E02,0.11814772716981979,2.107506657939865,0.7870588235294118,0.1501129567927456,0.11730503430532967,5.153433328944917e-155,1.400641337607281e-149
ENSG00000204592,HLA-E,E05,0.1236869247442159,2.0308683006596393,0.8476190476190476,0.1459227763836255,0.07854420295997769,1.8071108867364522e-23,4.9115105368432685e-18
ENSG00000204525,HLA-C,E05,0.1492029218147141,3.808578356285181,0.9809523809523809,0.15210006592762115,0.1321046703314905,2.111672467964424e-38,5.739272367231149e-33
ENSG00000204525,HLA-C,E06,0.13111020807700396,3.558472634354623,0.907928388746803,0.14440589114960156,0.10171118275910182,8.299053169860847e-80,2.25558306293014e-74
ENSG00000204525,HLA-C,E11,0.13063639322628326,3.52221247300655,0.9117647058823529,0.1432786248288268,0.07060512566992733,2.4728122924082176e-15,6.720807073290446e-10
ENSG00000234745,HLA-B,E01,0.13388333822742518,5.7704603193123365,0.974308300395257,0.13741373051334105,0.16975353127226545,2.802513975281557e-159,7.616896683138238e-154
ENSG00000234745,HLA-B,E05,0.1814083717997529,8.306478597499542,1,0.1814083717997529,0.2771870508417832,5.7239174249896e-79,1.5556920691030735e-73
ENSG00000227507,LTB,E02,0.12005187553029172,1.4842780741736818,0.4964705882352941,0.2418106497648056,0.17280956274908157,2.4692808650393512e-229,6.711209077473152e-224
ENSG00000227507,LTB,E12,0.14678917510103673,2.0882277751318314,0.46875,0.31315024021554505,0.08165932805052253,5.912488068764244e-10,1.6069433072332965e-4
ENSG00000204482,LST1,E02,0.1485773230029246,2.5013171718639926,0.8105882352941176,0.18329568149852815,0.3041540124609217,0,0
ENSG00000204482,LST1,E04,0.13508342216736424,2.628970086782989,0.7096774193548387,0.19034482214492232,0.10300026836126178,6.78906982901951e-12,1.8451877106895545e-6
ENSG00000204472,AIF1,E02,0.2052585000657086,5.632894223374851,0.9635294117647059,0.21302774732094298,0.3470268759278463,0,0
ENSG00000204287,HLA-DRA,E04,0.12421887728307789,4.08510053222275,0.8709677419354839,0.14262167391760794,0.07032839641271474,1.4352884144673665e-8,0.003900941675912566
ENSG00000204287,HLA-DRA,E05,0.19161552531353965,6.777899558932986,0.9142857142857143,0.20957948081168398,0.2013948413980524,9.625420293090277e-58,2.6160737306184203e-52
ENSG00000198502,HLA-DRB5,E05,0.17871779753610748,1.3146722552144092,0.6571428571428571,0.2719618658158157,0.21260172687542644,7.079928213239094e-61,1.924239529219827e-55
ENSG00000198502,HLA-DRB5,E09,0.16829707656118664,1.2393504320926518,0.6470588235294118,0.26009548195819754,0.15212597393010419,1.236953642508405e-10,3.3618915659007434e-5
ENSG00000196126,HLA-DRB1,E01,0.11749812408652616,1.84727876592389,0.7490118577075099,0.15687084640575788,0.14925826908668324,5.5423996384101525e-140,1.5063577129242185e-134
ENSG00000196735,HLA-DQA1,E05,0.1296576122590158,0.5263863818886071,0.4095238095238095,0.3166057973766665,0.10352467413234409,1.9583009039274026e-30,5.322426860766209e-25
ENSG00000204257,HLA-DMA,E05,0.13849528565519484,1.0178145145402027,0.6285714285714286,0.2203334089969009,0.09646859638825808,1.81486674557739e-28,4.932590030469877e-23
ENSG00000231389,HLA-DPA1,E05,0.17425459977851926,3.0012051659835057,0.8095238095238095,0.2152556820793473,0.116513852759884,4.689597333390176e-34,1.2745762800474492e-28
ENSG00000223865,HLA-DPB1,E05,0.19168678404572362,2.989451573424726,0.8380952380952381,0.22871718550910203,0.16988398293528664,6.099761769769074e-49,1.657842051881997e-43
ENSG00000112514,CUTA,E05,0.1430130117459506,1.3049488129733677,0.7904761904761904,0.18092007510029895,0.04597411905983372,2.2804777269983757e-14,6.1980648046543454e-9
ENSG00000096384,HSP90AB1,E01,0.14417195668093452,3.984981458638045,0.9130434782608695,0.1579026192219759,0.021235891700694176,3.9097534626701264e-21,1.0626240741121883e-15
ENSG00000112077,RHAG,E07,0.1853223006676414,0.2810533899284488,0.32390381895332393,0.5721522557730239,0.25587562756704163,8.758590912649741e-304,2.3804799069672477e-298
ENSG00000156508,EEF1A1,E01,0.11928444190947751,24.713819439709948,1,0.11928444190947751,0.014122046656096869,1.4582652865789808e-14,3.96339005708728e-9
ENSG00000156508,EEF1A1,E02,0.119706525194614,24.827249961656964,1,0.119706525194614,0.009010504190746263,3.082529303298342e-13,8.377944742848499e-8
ENSG00000156508,EEF1A1,E03,0.13155357505557297,28.0659011463972,1,0.13155357505557297,0.07845561833706757,2.007422687043821e-191,5.45593397266266e-186
ENSG00000112695,COX7A2,E07,0.16254287423194508,2.352652184494474,0.925035360678925,0.17571530899386112,0.05759407689867634,4.491481613443677e-68,1.22073080475463e-62
ENSG00000135535,CD164,E02,0.3837080274295624,6.20238994640565,0.9564705882352941,0.4011707543851514,0.6146219334128447,0,0
ENSG00000005108,THSD7A,E03,0.1509072173044268,0.30766222099626417,0.2806800070834071,0.5376486158473806,0.11223199694765244,1.4028017483421306e-275,3.81264681578411e-270
ENSG00000196683,TOMM7,E03,0.14580051773068078,2.816485145653833,0.9223186352635617,0.15808042053602966,0.0478241412758974,1.7929772086929675e-116,4.873096895962442e-111
ENSG00000204983,PRSS1,E12,0.2267526010116896,1.623898873335043,0.28125,0.8062314702637852,0.16298197047243115,2.0758911776778877e-18,5.642023113987177e-13
ENSG00000169100,SLC25A6,E01,0.13938600576467683,2.7585337958219673,0.8814229249011858,0.1581374863608217,0.03483727114588857,1.1459527890539512e-33,3.114562166313953e-28
ENSG00000002586,CD99,E03,0.1756059767155564,3.3217801981843476,0.9006552151584912,0.1949758062353022,0.09119527297735885,5.648690943775407e-223,1.5352464142268303e-217
ENSG00000205542,TMSB4X,E02,0.11801312373264805,24.621288564356075,1,0.11801312373264805,0.04339480927721099,6.56627098564749e-58,1.7846336586471602e-52
ENSG00000102265,TIMP1,E07,0.19053306145588608,1.9116260370359996,0.8797736916548797,0.21657053769985768,0.22907662157107242,3.5418447868909615e-271,9.626309109395206e-266
ENSG00000102007,PLP2,E06,0.12003945274352788,0.9792083071862331,0.5549872122762148,0.2162922858189834,0.018307270944603802,1.288852380836868e-15,3.502946108828907e-10
ENSG00000229807,XIST,E06,0.1773793953956784,0.9736266314518541,0.5754475703324808,0.3082459715542678,0.32278256348133094,5.36371119544349e-254,1.4577923383871953e-248
ENSG00000229807,XIST,E12,0.22757702192966592,1.2929905592868511,0.59375,0.3832876158815426,0.22098540167480485,2.068848813238346e-24,5.622882812524237e-19
ENSG00000133169,BEX1,E07,0.17999498178368162,0.47714391841922144,0.4016973125884017,0.44808609901782714,0.22620545626099628,1.0668067221886313e-267,2.8994526541020373e-262
ENSG00000166681,NGFRAP1,E07,0.16560258331979727,0.9962166280166596,0.7383309759547383,0.22429315403658368,0.1284399785267557,7.201937462133066e-151,1.9574001789582215e-145
ENSG00000180879,SSR4,E07,0.1643875502498503,1.8268314150150038,0.842998585572843,0.19500335239369826,0.06021396391590779,4.1280190540751306e-71,1.1219460426689716e-65
ENSG00000120885,CLU,E03,0.12958576615551912,0.9747794071860247,0.5593530488164807,0.23167079616300645,0.09302552383798049,1.586347159104332e-227,4.311501216786482e-222
ENSG00000147488,ST18,E02,0.15814636152609973,0.38778667826528174,0.23411764705882354,0.6754995341567074,0.1749694808715758,2.9839875574838596e-232,8.110120102734232e-227
ENSG00000164687,FABP5,E05,0.12844086821662995,0.7416082215814804,0.5619047619047619,0.22858120614823974,0.027013848674609067,4.9217163685591486e-9,0.001337663448377954
ENSG00000133742,CA1,E07,0.33374350180735224,0.8970207082632328,0.4200848656294201,0.7944668544707004,0.3264741460731709,0,0
ENSG00000156467,UQCRB,E01,0.11178517307468083,2.731530917377836,0.9189723320158103,0.12164150016298603,0.011391274168967335,4.963689193710919e-12,1.3490711585803032e-6
ENSG00000156467,UQCRB,E03,0.14784301223577606,3.6949952867380262,0.9640517088719674,0.15335589458035037,0.08297914019236242,1.3361625722455853e-202,3.6315295318548314e-197
ENSG00000156467,UQCRB,E06,0.11681787291098537,2.9928718102105143,0.8951406649616368,0.13050225230912937,0.008639135738596676,4.0139880170664747e-8,0.01090953775182463
ENSG00000164919,COX6C,E05,0.1484997780746576,2.0803490395796604,0.8761904761904762,0.16948344236781576,0.024487704673415874,2.5570170147637784e-8,0.006949665404086178
ENSG00000070756,PABPC1,E03,0.12991460835498897,3.5017992511666938,0.9572634437164276,0.13571458223727373,0.03448121700224828,3.311796737282583e-84,9.001066116325586e-79
ENSG00000104408,EIF3E,E02,0.11601247174202203,2.914242024660555,0.8647058823529412,0.13416408296696425,0.0060196050888476505,2.5570411272996486e-9,6.949730939065169e-4
ENSG00000104408,EIF3E,E03,0.13699789658398043,3.275954066032275,0.9335930582610236,0.14674262557089102,0.03345427297958221,9.874668472111876e-82,2.6838163946983426e-76
ENSG00000160932,LY6E,E05,0.2134928320934752,2.3572622759770203,0.8380952380952381,0.25473576556607835,0.14812393506414126,7.197944561135284e-43,1.9563149563818365e-37
ENSG00000104529,EEF1D,E02,0.1397194126830343,3.6173682353611656,0.9341176470588235,0.14957367856496118,0.01032754196345355,5.894695309352106e-15,1.6021074487381903e-9
ENSG00000104529,EEF1D,E05,0.17831664775035502,4.614430156533146,0.9904761904761905,0.18003123090180073,0.051468923430680914,6.596227491334759e-16,1.7927754774148913e-10
ENSG00000010438,PRSS3,E12,0.1483108805669936,0.4803509461593859,0.1875,0.7909913630239658,0.11565508998296878,1.6882307102649956e-13,4.588408482815026e-8
ENSG00000135046,ANXA1,E03,0.16804874492816668,4.038871068935305,0.930287468272239,0.18064173780634973,0.2860558629735101,0,0
ENSG00000136929,HEMGN,E02,0.20909831853334032,1.1439781714528365,0.5505882352941176,0.3797725870797848,0.25471192537385007,0,0
ENSG00000136938,ANP32B,E03,0.11935067821553395,1.8173579259233665,0.8261613836255238,0.14446412115242646,0.013206716569401524,3.6637199254713386e-33,9.957551111040042e-28
ENSG00000067082,KLF6,E03,0.12273214800216055,2.37467962055082,0.838616374476123,0.14635076506684042,0.042458414951288326,1.801895892068745e-103,4.897336807135801e-98
ENSG00000026025,VIM,E03,0.1448573486560089,7.896754675928922,0.9187179033114928,0.15767337082892874,0.07251907097112337,8.466120795106035e-177,2.300990038660279e-171
ENSG00000026025,VIM,E06,0.20193717417038615,11.725259233279774,0.948849104859335,0.21282327520383015,0.020850886183841778,1.413473461112121e-17,3.841651250487412e-12
ENSG00000150347,ARID5B,E02,0.11823041051607643,0.4653881475201128,0.26588235294117646,0.44467189795869455,0.08110428481561807,3.334287813846145e-107,9.062194163496161e-102
ENSG00000122862,SRGN,E04,0.25180467133584167,7.871779093388389,0.8387096774193549,0.3002286465927343,0.07662833909095554,3.262496896833327e-9,8.867075065965362e-4
ENSG00000107438,PDLIM1,E01,0.1881649815052383,1.0268525946945866,0.6462450592885376,0.2911666074668213,0.2785671392286151,3.617321520073526e-263,9.831445812977435e-258
ENSG00000107438,PDLIM1,E07,0.16142045721957157,0.9676261276628485,0.57991513437058,0.27835186159570025,0.24401207184292434,2.554926795556275e-289,6.943984439106489e-284
ENSG00000148908,RGS10,E01,0.12608935738863045,0.8569633423252135,0.5592885375494071,0.22544598882914135,0.13096338293461132,7.915660551111112e-123,2.151381549865387e-117
ENSG00000185201,IFITM2,E05,0.1329929280434995,1.3715030805114585,0.7047619047619048,0.18870618168334385,0.053954037493680725,1.330466196003757e-16,3.616047464794691e-11
ENSG00000177156,TALDO1,E01,0.11102628751941765,1.4941348761949522,0.7509881422924901,0.14784026706532982,0.01072789737242233,2.0523090078619172e-11,5.577929606287748e-6
ENSG00000177700,POLR2L,E07,0.16933458666951098,1.5212882104916627,0.8203677510608204,0.20641302202645562,0.11983101617277266,9.957111965749244e-141,2.7062235469470554e-135
ENSG00000213934,HBG1,E07,0.32519943534160223,9.650103786502473,0.5021216407355021,0.6476507064408811,0.2156844806317271,5.649753894293977e-255,1.5355353114223714e-249
ENSG00000196565,HBG2,E07,0.33218948110527924,10.158665111128432,0.5247524752475248,0.6330403319176076,0.13789793998634325,4.898592593234015e-162,1.3313786837298864e-156
ENSG00000070081,NUCB2,E03,0.14727105415384628,1.6858012904890782,0.7902721208901482,0.18635486468630935,0.0896825602527026,3.2377448872787274e-219,8.799802074237107e-214
ENSG00000026508,CD44,E03,0.1800261604068812,2.2535639764878304,0.8441650433858686,0.213259435245995,0.14446840559346352,0,0
ENSG00000166927,MS4A7,E04,0.1756882802278614,0.6016855830038582,0.41935483870967744,0.4189489759279772,0.11426927131550171,4.896639282172401e-13,1.3308477972230726e-7
ENSG00000167996,FTH1,E04,0.16554339142634528,15.243168992148801,0.967741935483871,0.17106150447389012,0.061633728738076043,1.1152757887035077e-7,0.030311857606014896
ENSG00000124942,AHNAK,E06,0.11984077048851902,1.1012187317017368,0.5831202046035806,0.20551640903952162,0.011444087876971971,2.619724044748232e-10,7.120095586740325e-5
ENSG00000149806,FAU,E01,0.11882210454250608,9.099159911471316,1,0.11882210454250608,0.006611592679884511,1.4371834318403746e-7,0.039060921057303175
ENSG00000149806,FAU,E03,0.12853922226721448,10.086949125358611,0.9992326308954608,0.12863793504423915,0.01273135156944569,5.021273945876628e-32,1.364722003201917e-26
ENSG00000245532,NEAT1,E03,0.13208733077601947,4.726825714416103,0.9448674812584853,0.1397945567986847,0.03909987046159176,2.3756864810736223e-95,6.456830773180377e-90
ENSG00000251562,MALAT1,E03,0.12572929751562523,154.44243793421546,1,0.12572929751562523,0.008085320286106763,6.558222398777799e-21,1.7824461493190205e-15
ENSG00000172757,CFL1,E06,0.11563682928204694,2.66317447464198,0.8721227621483376,0.13259237609759633,0.008549889904574028,4.7137931813926336e-8,0.01281152421184341
ENSG00000213402,PTPRCAP,E02,0.1401795239921932,1.5011576233929655,0.6647058823529411,0.21088954936878623,0.0724750692123421,7.025831336419448e-96,1.909536647262769e-90
ENSG00000084207,GSTP1,E02,0.16218666519709965,3.752661899186066,0.9141176470588235,0.177424279816647,0.12964245629069482,1.9986327605847976e-171,5.43204400733821e-166
ENSG00000167286,CD3D,E02,0.20632695437574167,1.1360341222324206,0.5423529411764706,0.3804293085019098,0.2168440811092048,3.2830871363989176e-289,8.923036866275891e-284
ENSG00000167283,ATP5L,E03,0.12927124499731274,3.2131036290781294,0.9541939672982704,0.135476904515897,0.01819583012817359,4.240684165953974e-45,1.1525670680962987e-39
ENSG00000111640,GAPDH,E03,0.1573199621931649,8.758204205889209,0.993742990378372,0.15831051259366835,0.14088473235592325,0,0
ENSG00000110848,CD69,E03,0.13059586818332622,1.7134873399790762,0.6642465025677351,0.19660753602539138,0.0828130527332357,3.441401927252493e-202,9.353317470041005e-197
ENSG00000008394,MGST1,E03,0.24314919572955473,2.3932667095290636,0.8562068354878697,0.2839841795832049,0.2594063710090285,0,0
ENSG00000111716,LDHB,E01,0.11685931494858183,2.178475697508086,0.8438735177865613,0.13847965659012273,0.014757023519574915,3.7678738209619365e-15,1.0240628900516028e-9
ENSG00000111716,LDHB,E05,0.13096112189051862,2.276743934809515,0.9142857142857143,0.14323872706775476,0.022517828322361495,9.270647998287071e-8,0.025196508781584463
ENSG00000123349,PFDN5,E03,0.13754869054813681,4.1859305032204945,0.9796942329260374,0.14039961237428367,0.04368017777557344,1.987754511435643e-106,5.402478231540706e-101
ENSG00000135390,ATP5G2,E03,0.12225718961390132,3.175485365081967,0.9460480491116227,0.12922936602290525,0.012606915429892555,9.963596496656445e-32,2.707985964633262e-26
ENSG00000135404,CD63,E07,0.15520138470455222,2.311955677551151,0.8981612446958982,0.17279902202538333,0.040098490534228426,7.765646953598756e-48,2.110609654224699e-42
ENSG00000092841,MYL6,E06,0.11752117731160801,2.896276428588281,0.9181585677749361,0.1279966025872945,0.034073598238317154,9.685929982904702e-28,2.632519538193703e-22
ENSG00000196531,NACA,E01,0.12148929450217301,6.4160521525743395,0.9802371541501976,0.12393867543971682,0.010252582135315186,5.679893952384934e-11,1.5437270175307966e-5
ENSG00000196531,NACA,E02,0.11887005468057928,6.239052595231511,0.98,0.1212959741638564,0.01830537531204914,2.5065215726354243e-25,6.812424851834368e-20
ENSG00000196531,NACA,E03,0.14021182422550973,7.573162747312339,0.9960450976919899,0.14076855008915257,0.05690697779866929,1.4448270889763023e-138,3.926866648586912e-133
ENSG00000127314,RAP1B,E01,0.13167695728398934,1.6229505655763727,0.6245059288537549,0.21084981134714753,0.048080121117879855,7.168111571306408e-46,1.9482067077422262e-40
ENSG00000090382,LYZ,E04,0.1870521948891966,14.11166253133437,0.6129032258064516,0.3051904232402681,0.06372366877878967,6.808437546163608e-8,0.018504516237967148
ENSG00000187109,NAP1L1,E03,0.20256536985629583,5.8194506139407896,0.9900832300336462,0.2045942843102312,0.27513159556261585,0,0
ENSG00000187109,NAP1L1,E06,0.1377341501512617,3.7851536852291563,0.9335038363171355,0.1475453498880639,0.024900632996568833,1.0818650528596154e-20,2.9403793898660912e-15
ENSG00000132341,RAN,E07,0.16034136379124186,1.4462542247041947,0.809052333804809,0.19818416818253148,0.08274178522664649,2.686682890613392e-97,7.302081694740325e-92
ENSG00000189403,HMGB1,E01,0.1542506801387807,4.519280510348156,0.9604743083003953,0.16059844475354534,0.09393698244916839,2.649941464773013e-88,7.202222908277276e-83
ENSG00000189403,HMGB1,E05,0.14599286590101204,4.090176993532946,0.9809523809523809,0.1488276788311288,0.06510907138708898,1.0152064330110722e-19,2.759209260152133e-14
ENSG00000189403,HMGB1,E07,0.15662243324533626,4.472373402612067,0.983026874115983,0.15932670547403271,0.1384905500562283,9.759295101499526e-163,2.652459297046353e-157
ENSG00000133112,TPT1,E03,0.16089342403630646,25.283899748366203,1,0.16089342403630646,0.36053500988971365,0,0
ENSG00000136156,ITM2B,E01,0.11394169706943061,1.9695574185043174,0.8201581027667985,0.13892650293284792,0.021126160576309568,4.9358569687585195e-21,1.3415066938249406e-15
ENSG00000152192,POU4F1,E01,0.11321158447544569,0.23190685291334456,0.15810276679841898,0.716063271807194,0.12285955783243122,2.9969683695661304e-115,8.145400392276395e-110
ENSG00000166091,CMTM5,E07,0.18899698498387932,0.628749164175874,0.37765205091937765,0.500452690575291,0.1686302640226368,1.6114226127097645e-198,4.379653290631615e-193
ENSG00000100650,SRSF5,E03,0.11689778930975823,2.5626034177717054,0.9086240481671685,0.12865363793260665,0.006910827579313886,4.2771356917455704e-18,1.162474155388145e-12
ENSG00000170345,FOS,E11,0.1676168697905398,7.277732715549949,0.9117647058823529,0.1838378571896243,0.03950377471024887,3.2523567038603708e-9,8.839515238288025e-4
ENSG00000165949,IFI27,E07,0.3031659861269244,3.8550300869594074,0.44271570014144274,0.6847870677052255,0.29583763858256135,0,0
ENSG00000196405,EVL,E02,0.18496048530517362,1.0650003976903433,0.5835294117647059,0.3169685736076564,0.21691177659291608,2.6521155314790984e-289,7.208131760696412e-284
ENSG00000080824,HSP90AA1,E07,0.15313233627972708,4.380586884096349,0.9547383309759547,0.16039194333298823,0.058396722917141444,5.275269542566484e-69,1.4337549584350597e-63
ENSG00000213145,CRIP1,E06,0.11792034792531027,0.9038944459779816,0.4322250639386189,0.2728216333656587,0.027023597681677836,2.5239626741328247e-22,6.859827672772122e-17
ENSG00000226777,KIAA0125,E02,0.19403505772530413,2.3422058709232476,0.8011764705882353,0.24218766382747214,0.13068323356005607,8.193952554207242e-173,2.227017976802878e-167
ENSG00000128731,HERC2,E07,0.16552494799730558,0.5689399092766348,0.545968882602546,0.30317652392252603,0.10925814955115075,2.635843158091315e-128,7.163905402513223e-123
ENSG00000140264,SERF2,E02,0.13080098759564396,4.523794361135349,0.96,0.13625102874546247,0.03852994731817685,1.3928167569781305e-51,3.785508807455722e-46
ENSG00000140264,SERF2,E05,0.12993373549124132,4.252513410407749,1,0.12993373549124132,0.023094008464470517,6.358573603265474e-8,0.017281840024843165
ENSG00000140264,SERF2,E07,0.15581362309611022,5.451834001608478,0.9915134370579916,0.15714726323673311,0.12632341322488277,2.252837003940748e-148,6.12294063627048e-143
ENSG00000166710,B2M,E01,0.11657917862117073,21.587597898392655,1,0.11657917862117073,0.11663805430820377,1.9328422818788737e-109,5.253233381072953e-104
ENSG00000166710,B2M,E02,0.1339295428458278,25.85097362343967,1,0.1339295428458278,0.27667314393289544,0,0
ENSG00000166710,B2M,E04,0.1293775694965018,24.712921218929214,1,0.1293775694965018,0.07364256405618644,6.581244601144219e-9,0.001788703307655785
ENSG00000166710,B2M,E05,0.13505588784232447,26.1346626765407,1,0.13505588784232447,0.15898374668063797,6.72155737257891e-46,1.826838635178477e-40
ENSG00000166710,B2M,E06,0.12066032629732681,22.572044209116115,1,0.12066032629732681,0.12475629435883726,1.175634990151282e-97,3.195234827032366e-92
ENSG00000166710,B2M,E11,0.14005907085594915,27.40466352808666,1,0.14005907085594915,0.16623744312240946,5.194062962925777e-34,1.4116839845676711e-28
ENSG00000137876,RSL24D1,E03,0.12085233726329724,1.363557215807083,0.7617614072368809,0.15864854285761476,0.02838637402244863,1.5423892767290332e-69,4.192028967436305e-64
ENSG00000140307,GTF2A2,E07,0.16361214445830297,0.9467709486272337,0.7581329561527581,0.21580930248511232,0.10030313823067742,8.245874603932062e-118,2.241129766853487e-112
ENSG00000140416,TPM1,E07,0.16148427909358906,0.6750054723922889,0.49222065063649223,0.3280729463194467,0.12359236392982192,3.718654089273133e-145,1.0106855576153664e-139
ENSG00000234769,WASH4P,E07,0.1519232570182906,0.6880635780293711,0.6676096181046676,0.22756301422019376,0.16292380508851395,1.0101030022285221e-191,2.7453387476968555e-186
ENSG00000234769,WASH4P,E11,0.1741805682115077,0.9138586584755297,0.6176470588235294,0.28200663424720296,0.10776643830176263,1.3367335491691787e-22,3.6330813786159275e-17
ENSG00000172236,TPSAB1,E05,0.20198240339427914,3.640525133463731,0.4380952380952381,0.46104679035650675,0.10967913476220599,3.7698814591133303e-32,1.0246085420094937e-26
ENSG00000102879,CORO1A,E02,0.11807552943529523,1.3974343247141847,0.66,0.17890231732620487,0.04232287533730055,1.6288270957635542e-56,4.4269565870338485e-51
ENSG00000131143,COX4I1,E03,0.13906796846765135,3.3398501599230808,0.9558467622926627,0.1454919072321671,0.05413918396834728,8.013189715957889e-132,2.1778888065207627e-126
ENSG00000051523,CYBA,E01,0.12238549495264057,2.81258143580896,0.8932806324110671,0.13700677089831004,0.03801772973236093,1.3467480053482477e-36,3.6602994687758955e-31
ENSG00000108518,PFN1,E07,0.1712659280966208,4.306470510873206,0.9632248939179632,0.17780471536609532,0.16906974241509906,4.82274457137248e-199,1.3107641015641837e-193
ENSG00000132507,EIF5A,E07,0.15696360028855352,1.0223422809688387,0.7157001414427157,0.21931475376286036,0.16654996020452212,4.8568087282448275e-196,1.3200223306322052e-190
ENSG00000183011,LSMD1,E07,0.1666904434291419,1.3285763838775382,0.7553041018387553,0.2206931526299688,0.09238851237132867,1.4869188098631476e-108,4.0412668949508514e-103
ENSG00000170315,UBB,E01,0.12092431192862267,3.643082273227292,0.9426877470355731,0.1282761044777423,0.010674585493324808,2.3004396201245708e-11,6.252318834744168e-6
ENSG00000170315,UBB,E05,0.1357122305712018,4.020035160118295,0.9809523809523809,0.13834741951433194,0.026135839873345345,8.722566599846395e-9,0.002370688931039052
ENSG00000177469,PTRF,E07,0.1674379678896985,0.34030138310334757,0.44695898161244696,0.37461595980385076,0.2176179385892344,2.6093291346866987e-257,7.091843468582285e-252
ENSG00000005961,ITGA2B,E07,0.1756020689901223,0.6415915113780385,0.45685997171145687,0.3843673770155308,0.2102957730797488,1.7973502237418082e-248,4.884982226103386e-243
ENSG00000233101,HOXB-AS3,E11,0.18363511183611353,0.45817349640454236,0.39705882352941174,0.46248842980947114,0.22354249395001652,3.392147630824956e-45,9.21945020286653e-40
ENSG00000120068,HOXB8,E11,0.12955706546798046,0.14960541581864228,0.14705882352941177,0.8809880451822671,0.11277488729311957,1.4063248073226133e-23,3.8222220673259845e-18
ENSG00000170689,HOXB9,E11,0.12527125339480796,0.09801883925677729,0.1323529411764706,0.946493914538549,0.10184965916522709,1.912793909862032e-21,5.19874431173582e-16
ENSG00000062716,VMP1,E11,0.15635450833255402,1.0148863523606397,0.6911764705882353,0.22621503333220583,0.03848453567097377,5.1760853438851304e-9,0.001406797883443852
ENSG00000108654,DDX5,E02,0.11704381831594468,2.40384332951028,0.8341176470588235,0.14032051561149927,0.0061267895467687775,1.8480907984698695e-9,5.02288901934529e-4
ENSG00000132475,H3F3B,E11,0.17273487900228235,8.792052780607337,1,0.17273487900228235,0.048526871695673365,5.374742063682501e-11,1.4607903960041396e-5
ENSG00000173762,CD7,E02,0.18230428038648055,0.8302819761937095,0.46352941176470586,0.3932960363667728,0.20757427720644564,1.548614688078138e-276,4.20894888843381e-271
ENSG00000265369,U3,E07,0.1817878201052736,0.26802203880756176,0.3125884016973126,0.5815565104725269,0.14383175681211788,4.67104252214471e-169,1.2695333050086665e-163
ENSG00000101439,CST3,E04,0.21206451997338108,6.585736040279908,0.8064516129032258,0.26296000476699255,0.1687101803927515,1.5557311497734864e-18,4.228290577346363e-13
ENSG00000177410,ZFAS1,E02,0.12615865639179105,3.97032871238955,0.9035294117647059,0.13962872126695625,0.007048313521865476,1.1388330293325401e-10,3.095211513762324e-5
ENSG00000177410,ZFAS1,E03,0.14891418141973015,4.489554081574176,0.9708399740275072,0.15338694883149806,0.0701454073739972,5.778065348193342e-171,1.570408824854772e-165
ENSG00000101134,DOK5,E02,0.28949747633675227,0.7197639775656278,0.3952941176470588,0.7323596871614269,0.34856169185715696,0,0
ENSG00000124172,ATP5E,E02,0.1282853274530135,4.582066879626095,0.9364705882352942,0.13698810092344404,0.00527684304938218,2.435860596325496e-8,0.006620376797541139
ENSG00000125534,PPDPF,E02,0.11783858897457362,1.5610030242316526,0.6941176470588235,0.16976745869218235,0.013355684967067774,6.736540264986843e-19,1.830910805540244e-13
ENSG00000197766,CFD,E11,0.14822149934399145,2.223067914207418,0.5441176470588235,0.27240707987544377,0.0318985005347512,1.0506170522237775e-7,0.0285545107389796
ENSG00000167658,EEF2,E03,0.1200149983078734,2.79595936442604,0.9102178147689038,0.13185305358843602,0.019347216669008366,7.425445818355364e-48,2.0181470680791678e-42
ENSG00000198258,UBL5,E07,0.281506645572087,4.97067638240715,0.9207920792079208,0.3057222709976428,0.25610267301405043,4.625195714843736e-304,1.2570726929459492e-298
ENSG00000130816,DNMT1,E07,0.16639198022118762,0.6643816461613388,0.5558698727015559,0.299336208693078,0.11642234063639793,1.0161512645402976e-136,2.7617771988687843e-131
ENSG00000187266,EPOR,E07,0.16947912047047467,0.28352775449772954,0.3338048090523338,0.5077192295450237,0.24350319087955527,1.0635609955948309e-288,2.890631158707279e-283
ENSG00000171223,JUNB,E11,0.13032385988179154,1.4009455845097067,0.7058823529411765,0.18462546816587133,0.03471668603876119,2.8919277621633144e-8,0.007859912626228429
ENSG00000167460,TPM4,E07,0.16258716004885693,1.2914377263122403,0.7496463932107497,0.21688513614064497,0.014673997612914689,1.7079163512807126e-18,4.641911692818823e-13
ENSG00000221983,UBA52,E03,0.12392984169145707,7.643470246436627,0.9961041260846467,0.12441454507229477,0.0027515043351030548,4.5452400581811246e-8,0.012353417049329315
ENSG00000126267,COX6B1,E05,0.13251544521746664,2.125756283818855,0.9047619047619048,0.14646443945088417,0.027616501522211595,3.3238657260469657e-9,9.033868179508527e-4
ENSG00000011600,TYROBP,E11,0.12621892850681357,2.0824143778242092,0.8235294117647058,0.15326584175827362,0.0696772243222073,3.758759105758699e-15,1.0215856198359454e-9
ENSG00000011600,TYROBP,E13,0.25329629967131784,4.040751992270628,1,0.25329629967131784,0.18580387265920978,1.0092056839775018e-9,2.7428999443687723e-4
ENSG00000167641,PPP1R14A,E07,0.2667142531468427,0.5064505415252945,0.4512022630834512,0.5911190500777987,0.307303428021725,0,0
ENSG00000130755,GMFG,E01,0.11971744482879783,2.314801145386933,0.8932806324110671,0.13401997142338873,0.011258104852621662,6.59934338865589e-12,1.793622340916007e-6
ENSG00000130755,GMFG,E07,0.15421964966116344,2.943685590592259,0.9575671852899575,0.1610536075486596,0.05831723895980089,6.521712679465338e-69,1.7725232457265253e-63
ENSG00000128016,ZFP36,E11,0.13608014326787585,1.3516310929813706,0.6176470588235294,0.22032023195751327,0.049625567106909525,3.2649234541767095e-11,8.873670157637796e-6
ENSG00000142227,EMP3,E06,0.13450427003645757,2.477789459733897,0.7902813299232737,0.17019795981959518,0.03477470281223708,2.8037169786766483e-28,7.62016630200569e-23
ENSG00000087086,FTL,E05,0.12743953793322327,11.88585077764764,1,0.12743953793322327,0.026630018618259504,6.32030880771794e-9,0.0017177840902320434
ENSG00000087086,FTL,E06,0.1188619225999137,10.930333746544752,0.9948849104859335,0.11947303788320374,0.01409095343645343,2.3252729717731926e-12,6.319812904522925e-7
ENSG00000105374,NKG7,E02,0.1159902665684401,1.5787775228482823,0.6376470588235295,0.18190355458150198,0.023130314645346563,1.373936227570351e-31,3.7341937941889054e-26
ENSG00000167618,LAIR2,E09,0.31224102560479416,0.47666436531578554,0.5294117647058824,0.5897886039201667,0.18221035395996418,1.8808847559138626e-12,5.112019060403169e-7
ENSG00000198692,EIF1AY,E07,0.18974137926775064,0.8680550499639115,0.6888260254596889,0.275456170723408,0.08183606812216125,3.053074200141169e-96,8.29788930707968e-91
ENSG00000100097,LGALS1,E11,0.14782639491880512,5.278081977724206,0.8088235294117647,0.18276717917234087,0.06089546059422195,1.984698348955671e-13,5.3941719486596394e-8
ENSG00000142168,SOD1,E05,0.13423112571623264,1.455224061537078,0.8285714285714286,0.16200308276097042,0.023961768039826793,3.605425883793128e-8,0.009799114901043668
ENSG00000205581,HMGN1,E07,0.19076998046433932,2.8664945757670584,0.9533239038189534,0.20011035042772685,0.1253952801313823,2.795718108188006e-147,7.598426331882017e-142
